id,first_name,last_name,email,gender,ip_address
1,Elvira,Grut,egrut0@google.it,Female,168.243.162.239
2,Jessalyn,Bostock,jbostock1@economist.com,Female,56.193.142.182
3,Esme,Postgate,epostgate2@com.com,Male,178.146.153.8
4,Rena,Rooson,rrooson3@dagondesign.com,Female,7.49.163.233
5,Aubrie,Staniford,astaniford4@time.com,Female,14.184.214.218
6,Claire,Hazzard,chazzard5@fema.gov,Female,171.249.134.121
7,Leonid,Bowler,lbowler6@toplist.cz,Male,210.39.116.31
8,Aurelea,Loukes,aloukes7@lycos.com,Female,125.111.146.163
9,Brnaby,Iglesias,biglesias8@amazon.de,Male,46.19.46.154
10,Rhodia,Simmen,rsimmen9@chicagotribune.com,Female,218.184.23.234
11,Homere,Farraway,hfarrawaya@yellowbook.com,Male,23.169.230.7
12,Niki,Ochiltree,nochiltreeb@woothemes.com,Female,132.134.73.90
13,Richard,Deighan,rdeighanc@blogs.com,Male,145.30.215.202
14,Whitney,Hewson,whewsond@wikia.com,Male,164.98.32.123
15,Fernanda,Tiesman,ftiesmane@themeforest.net,Female,126.87.161.137
16,Marita,Threadgall,mthreadgallf@elegantthemes.com,Female,197.216.112.96
17,Tammie,Jurgen,tjurgeng@pagesperso-orange.fr,Female,242.197.57.115
18,Sherlock,Fitkin,sfitkinh@xinhuanet.com,Male,131.170.34.237
19,Alvina,Keedy,akeedyi@alibaba.com,Female,95.67.109.192
20,Augustin,Boles,abolesj@huffingtonpost.com,Male,196.241.128.139
21,Hinze,Benduhn,hbenduhnk@edublogs.org,Male,157.195.60.206
22,Hannie,Arboin,harboinl@nytimes.com,Female,10.35.136.114
23,Cordie,Cabrales,ccabralesm@technorati.com,Female,41.31.156.92
24,Ashlee,Dawnay,adawnayn@uol.com.br,Female,40.46.38.170
25,Olia,McCullough,omccullougho@bbc.co.uk,Female,64.153.33.128
26,Maurine,Crowder,mcrowderp@google.com.br,Female,59.220.247.195
27,Carita,Deeks,cdeeksq@craigslist.org,Female,183.115.25.18
28,Brigit,Boate,bboater@ucsd.edu,Female,230.185.11.237
29,Dorolisa,Simkovitz,dsimkovitzs@parallels.com,Female,18.53.42.58
30,Orelee,Millberg,omillbergt@smugmug.com,Female,17.170.239.149
31,Carmelita,Gerbl,cgerblu@smugmug.com,Female,12.213.33.162
32,Richmond,Bester,rbesterv@howstuffworks.com,Male,47.218.180.232
33,Henka,Bernardotti,hbernardottiw@jimdo.com,Female,210.106.78.30
34,Jo,Watkin,jwatkinx@buzzfeed.com,Female,13.61.241.131
35,Caddric,Fronek,cfroneky@nationalgeographic.com,Male,113.218.12.148
36,Mario,Hartshorn,mhartshornz@fotki.com,Male,146.217.108.94
37,Brannon,Gierke,bgierke10@hhs.gov,Male,98.78.54.71
38,Baily,Riolfo,briolfo11@devhub.com,Male,108.97.186.255
39,Esme,Fritschel,efritschel12@blinklist.com,Female,163.117.161.197
40,Seth,Eastby,seastby13@ed.gov,Male,49.171.207.189
41,Ernestus,Plunket,eplunket14@sun.com,Male,108.3.75.143
42,Leann,Keetch,lkeetch15@printfriendly.com,Female,224.1.81.187
43,Madelon,MacArthur,mmacarthur16@google.es,Female,66.53.112.52
44,Rea,Benezet,rbenezet17@unicef.org,Female,131.182.39.177
45,Valencia,Vasyatkin,vvasyatkin18@hc360.com,Female,137.222.53.33
46,Meade,Laxton,mlaxton19@xinhuanet.com,Male,13.239.203.24
47,Hershel,Ollive,hollive1a@networksolutions.com,Male,17.197.212.226
48,Griffy,Gamil,ggamil1b@dyndns.org,Male,16.149.89.7
49,Doro,Wolsey,dwolsey1c@csmonitor.com,Female,81.117.36.165
50,Ansel,Everiss,aeveriss1d@4shared.com,Male,236.68.144.175
51,Jamima,Very,jvery1e@qq.com,Female,153.14.88.216
52,Cecilia,Sheed,csheed1f@mozilla.com,Female,91.223.106.24
53,Grata,Chenery,gchenery1g@pen.io,Female,115.105.168.158
54,Waldemar,Keppe,wkeppe1h@nsw.gov.au,Male,210.169.228.56
55,Adora,Guise,aguise1i@github.com,Female,101.196.108.226
56,Doralynne,Bente,dbente1j@webmd.com,Female,44.123.9.116
57,Lilllie,Bonome,lbonome1k@sohu.com,Female,55.94.222.216
58,Jackson,Olivia,jolivia1l@ehow.com,Male,225.122.32.249
59,Culley,Trippack,ctrippack1m@51.la,Male,126.216.49.175
60,Frasco,Collough,fcollough1n@icio.us,Male,252.253.179.22
61,Lyle,Kurten,lkurten1o@t-online.de,Male,170.82.20.208
62,Amye,Swannack,aswannack1p@paypal.com,Female,188.47.53.146
63,Ninetta,Duffyn,nduffyn1q@jalbum.net,Female,248.204.90.29
64,Idell,Strudwick,istrudwick1r@gizmodo.com,Female,173.64.245.69
65,Averill,Killelea,akillelea1s@pen.io,Male,138.40.216.183
66,Holmes,Scotting,hscotting1t@tinypic.com,Male,120.13.202.181
67,Elizabeth,Roscrigg,eroscrigg1u@google.com.br,Female,67.1.240.85
68,Perry,Treher,ptreher1v@imageshack.us,Male,53.146.156.252
69,Gabe,Goalley,ggoalley1w@sohu.com,Male,217.45.201.5
70,Minnie,Ilden,milden1x@biblegateway.com,Female,75.46.54.194
71,Sidonia,Langmuir,slangmuir1y@si.edu,Female,127.36.86.202
72,Brunhilde,Bridgewood,bbridgewood1z@spiegel.de,Female,143.133.129.157
73,Erasmus,Parris,eparris20@cbc.ca,Male,20.68.222.4
74,Candide,Claydon,cclaydon21@nydailynews.com,Female,118.155.23.49
75,Hubert,Gorthy,hgorthy22@nasa.gov,Male,162.17.124.156
76,Holly-anne,Logie,hlogie23@dropbox.com,Female,203.107.206.45
77,Nelli,Brownhall,nbrownhall24@house.gov,Female,100.230.201.202
78,Biron,Korbmaker,bkorbmaker25@reference.com,Male,55.194.148.51
79,Ginger,Lainton,glainton26@digg.com,Male,85.180.34.230
80,Minne,Neising,mneising27@fema.gov,Female,139.183.209.237
81,Tremain,Decayette,tdecayette28@edublogs.org,Male,88.144.196.118
82,Ruben,Giron,rgiron29@wp.com,Male,253.90.37.49
83,Mariann,Trulocke,mtrulocke2a@blogtalkradio.com,Female,27.96.226.148
84,Stu,Lasselle,slasselle2b@delicious.com,Male,104.31.28.64
85,Terrance,St. John,tstjohn2c@vistaprint.com,Male,89.77.117.110
86,Kristen,Shepstone,kshepstone2d@goo.gl,Female,13.43.97.8
87,Aguie,Goad,agoad2e@ezinearticles.com,Male,83.100.6.16
88,Taddeo,Newlands,tnewlands2f@youku.com,Male,130.30.167.237
89,Zebulen,Lambart,zlambart2g@sfgate.com,Male,253.189.149.26
90,Natale,Broadbear,nbroadbear2h@nba.com,Male,127.183.215.126
91,Grannie,Donnett,gdonnett2i@tinyurl.com,Male,120.202.33.52
92,Adelbert,Keyho,akeyho2j@dyndns.org,Male,101.192.53.237
93,Oralla,Nisius,onisius2k@unc.edu,Female,139.224.42.103
94,Christina,Tiernan,ctiernan2l@delicious.com,Female,58.100.24.112
95,Jorgan,Futty,jfutty2m@ft.com,Male,204.9.247.154
96,Jeniece,Eytel,jeytel2n@google.nl,Female,41.103.172.125
97,Roderick,Clother,rclother2o@example.com,Male,38.222.74.132
98,Ulla,Kyne,ukyne2p@gravatar.com,Female,23.211.236.181
99,Mendie,Megahey,mmegahey2q@google.co.uk,Male,146.178.197.148
100,Tabb,Norcott,tnorcott2r@alexa.com,Male,1.185.114.144
101,Jamill,Melloi,jmelloi2s@barnesandnoble.com,Male,29.157.114.166
102,Gertrude,Reynalds,greynalds2t@zdnet.com,Female,118.95.98.21
103,Helaine,Maden,hmaden2u@newyorker.com,Female,242.201.240.139
104,Tiffy,Howselee,thowselee2v@forbes.com,Female,24.90.91.61
105,Veronique,Mustoo,vmustoo2w@marketwatch.com,Female,232.190.152.116
106,Sheila-kathryn,Dunkinson,sdunkinson2x@omniture.com,Female,175.85.41.176
107,Nap,Yitzhakov,nyitzhakov2y@sogou.com,Male,184.103.126.198
108,Lizbeth,Jekyll,ljekyll2z@smugmug.com,Female,53.211.219.105
109,Dar,Cassell,dcassell30@com.com,Male,51.129.9.231
110,L;urette,McGennis,lmcgennis31@weibo.com,Female,163.156.80.58
111,Lexi,Swindall,lswindall32@columbia.edu,Female,46.108.99.45
112,Yoshiko,Frammingham,yframmingham33@reddit.com,Female,23.207.181.205
113,Jodie,Daniel,jdaniel34@flickr.com,Female,179.194.225.137
114,Stanfield,Baggett,sbaggett35@ft.com,Male,41.70.241.253
115,Scottie,Salla,ssalla36@tiny.cc,Male,134.203.194.250
116,Chandal,Vlasenkov,cvlasenkov37@google.de,Female,243.156.29.246
117,Lancelot,Knuckles,lknuckles38@163.com,Male,183.125.96.64
118,Dieter,Bidnall,dbidnall39@wired.com,Male,223.203.161.38
119,Clerc,Fantini,cfantini3a@360.cn,Male,150.248.110.175
120,Siegfried,Tysall,stysall3b@google.com,Male,12.188.102.96
121,Pauly,Brahmer,pbrahmer3c@drupal.org,Male,0.76.127.242
122,Kelsey,Gerg,kgerg3d@liveinternet.ru,Male,117.126.52.84
123,Lion,Moyers,lmoyers3e@sciencedirect.com,Male,57.103.171.105
124,Vail,O'Doherty,vodoherty3f@google.pl,Male,22.90.49.251
125,Felicio,Marler,fmarler3g@phoca.cz,Male,71.227.186.65
126,Lorry,Willmetts,lwillmetts3h@ning.com,Female,23.198.163.12
127,Holly,Von Brook,hvonbrook3i@nymag.com,Male,114.87.95.68
128,Itch,Leibold,ileibold3j@sciencedirect.com,Male,159.246.2.172
129,Tait,Chivers,tchivers3k@twitpic.com,Male,67.152.71.251
130,Druci,Hannon,dhannon3l@census.gov,Female,182.207.107.89
131,Melloney,Obeney,mobeney3m@admin.ch,Female,159.88.149.214
132,Veradis,Abbots,vabbots3n@google.ru,Female,203.178.127.249
133,Cynthy,Gonnely,cgonnely3o@spiegel.de,Female,5.222.221.210
134,Marie-jeanne,McLarty,mmclarty3p@wikipedia.org,Female,186.57.142.120
135,Marlane,Hockey,mhockey3q@artisteer.com,Female,232.244.224.52
136,Marve,Muldrew,mmuldrew3r@odnoklassniki.ru,Male,72.209.195.246
137,Freda,Smoughton,fsmoughton3s@wired.com,Female,78.13.213.166
138,Leslie,Bratch,lbratch3t@dagondesign.com,Female,188.226.134.99
139,Lionello,Willcox,lwillcox3u@sitemeter.com,Male,146.167.170.116
140,Harbert,Maro,hmaro3v@creativecommons.org,Male,187.14.52.56
141,Rafe,Feaver,rfeaver3w@joomla.org,Male,238.164.104.144
142,Jdavie,Caverhill,jcaverhill3x@google.pl,Male,175.99.76.243
143,Phedra,Crayke,pcrayke3y@pinterest.com,Female,124.185.208.50
144,Udall,Shackesby,ushackesby3z@istockphoto.com,Male,212.55.23.153
145,Duke,Gerran,dgerran40@360.cn,Male,53.61.247.104
146,Hedda,Longhi,hlonghi41@wsj.com,Female,46.153.181.178
147,Rodge,Waldock,rwaldock42@pen.io,Male,12.210.200.157
148,Fidelio,Larder,flarder43@cloudflare.com,Male,130.42.183.33
149,Herschel,Jaime,hjaime44@bbc.co.uk,Male,40.61.79.60
150,Ardelle,Yeeles,ayeeles45@columbia.edu,Female,109.210.249.25
151,Glenn,Eustis,geustis46@nasa.gov,Female,180.162.102.232
152,Benedetta,Pauncefoot,bpauncefoot47@pinterest.com,Female,210.227.45.126
153,Zerk,Navarijo,znavarijo48@example.com,Male,239.33.17.100
154,Sibylla,Trenholm,strenholm49@unc.edu,Female,200.199.121.165
155,Torrin,Lammers,tlammers4a@umn.edu,Male,230.79.136.147
156,Merrielle,Belvin,mbelvin4b@scientificamerican.com,Female,24.112.3.132
157,Charmion,Hempshall,chempshall4c@webs.com,Female,74.255.118.3
158,Aleksandr,Luscombe,aluscombe4d@furl.net,Male,141.238.7.59
159,Emogene,Julian,ejulian4e@twitpic.com,Female,40.36.5.183
160,Orson,Willavoys,owillavoys4f@chronoengine.com,Male,250.25.32.165
161,Dannye,Olek,dolek4g@comsenz.com,Female,155.15.64.124
162,Ken,Kinzett,kkinzett4h@virginia.edu,Male,116.17.43.103
163,Sheridan,Antonucci,santonucci4i@etsy.com,Male,65.156.21.198
164,Maure,Irvine,mirvine4j@ibm.com,Female,215.152.242.82
165,Jordain,Twomey,jtwomey4k@cdbaby.com,Female,200.15.154.232
166,Les,Sanpher,lsanpher4l@google.es,Male,123.53.140.53
167,Remington,Overbury,roverbury4m@yandex.ru,Male,63.105.109.162
168,Cory,McIlmorie,cmcilmorie4n@msn.com,Male,183.10.106.178
169,Sandy,Pearmine,spearmine4o@chron.com,Female,27.39.7.149
170,Pete,Lanphere,planphere4p@tripod.com,Male,49.52.180.136
171,Burton,Duguid,bduguid4q@indiatimes.com,Male,84.35.208.72
172,Marylin,Yakebovitch,myakebovitch4r@latimes.com,Female,201.145.149.138
173,Elinor,Luckes,eluckes4s@yale.edu,Female,52.136.18.180
174,Marne,Olyff,molyff4t@wordpress.org,Female,90.71.42.87
175,Gracie,Whatsize,gwhatsize4u@netlog.com,Female,49.249.58.186
176,Sherlocke,Stollenwerck,sstollenwerck4v@slashdot.org,Male,72.95.254.218
177,Aprilette,Burrow,aburrow4w@goo.ne.jp,Female,170.77.102.200
178,Margret,Fremantle,mfremantle4x@woothemes.com,Female,154.133.244.11
179,Almeta,Chastagnier,achastagnier4y@washington.edu,Female,96.31.154.153
180,Merrili,Egentan,megentan4z@lycos.com,Female,24.121.85.14
181,Sue,Willman,swillman50@indiatimes.com,Female,228.0.179.240
182,Judas,Pinare,jpinare51@photobucket.com,Male,252.233.233.255
183,Rozella,Deyes,rdeyes52@imdb.com,Female,113.146.106.147
184,Nataniel,Fernihough,nfernihough53@noaa.gov,Male,40.200.188.81
185,Sayer,Siviour,ssiviour54@vk.com,Male,48.202.38.242
186,Amalia,Sterricks,asterricks55@networksolutions.com,Female,130.60.145.134
187,Imogen,Backhouse,ibackhouse56@wunderground.com,Female,169.145.58.76
188,Caresse,Harmson,charmson57@cyberchimps.com,Female,37.52.198.89
189,Tam,Taffe,ttaffe58@ucla.edu,Male,120.249.201.182
190,Izak,Ruxton,iruxton59@instagram.com,Male,86.144.217.10
191,Penelope,Liven,pliven5a@reference.com,Female,29.26.251.109
192,Denni,Mitroshinov,dmitroshinov5b@bloglines.com,Female,235.33.199.123
193,Nancie,Symcock,nsymcock5c@spotify.com,Female,225.227.163.101
194,Bonnee,Janisson,bjanisson5d@i2i.jp,Female,109.4.58.32
195,Rhett,Cuttle,rcuttle5e@archive.org,Male,169.74.33.181
196,Daron,Sarvar,dsarvar5f@hostgator.com,Female,151.134.178.181
197,Deck,Ogborne,dogborne5g@diigo.com,Male,0.185.167.95
198,Ina,Pinwell,ipinwell5h@hhs.gov,Female,98.200.60.208
199,Darrell,Haddinton,dhaddinton5i@nymag.com,Male,110.139.253.202
200,Joey,Ormesher,jormesher5j@about.com,Female,64.54.167.36
201,Pammi,Taggart,ptaggart5k@chron.com,Female,127.143.113.140
202,Tiebold,Upton,tupton5l@angelfire.com,Male,212.13.200.222
203,Ali,Ghidelli,aghidelli5m@pinterest.com,Male,18.124.177.194
204,Angel,Kmiec,akmiec5n@deliciousdays.com,Male,100.237.43.197
205,Basia,Lonergan,blonergan5o@360.cn,Female,111.112.155.76
206,Garnette,Tortoise,gtortoise5p@nytimes.com,Female,76.135.10.58
207,Gaspard,Lanfranchi,glanfranchi5q@wikia.com,Male,46.93.39.183
208,Minnaminnie,Lammenga,mlammenga5r@economist.com,Female,148.203.52.53
209,Mitchell,Ferronet,mferronet5s@yellowpages.com,Male,107.202.39.50
210,Huberto,Munnis,hmunnis5t@nydailynews.com,Male,10.18.235.247
211,Kaine,Kee,kkee5u@vistaprint.com,Male,191.187.65.27
212,Rodd,Mitkov,rmitkov5v@java.com,Male,191.246.115.223
213,Giana,Alenov,galenov5w@va.gov,Female,183.253.95.35
214,Ephraim,Ambrois,eambrois5x@slashdot.org,Male,136.13.211.248
215,Collete,Siccombe,csiccombe5y@state.tx.us,Female,51.122.111.12
216,Mollee,Simkin,msimkin5z@sina.com.cn,Female,88.25.155.218
217,Kristoffer,Stading,kstading60@shinystat.com,Male,251.171.8.111
218,Melli,Hitscher,mhitscher61@amazonaws.com,Female,42.93.126.40
219,Vannie,Slocom,vslocom62@ning.com,Female,139.253.233.6
220,Ariana,Trevethan,atrevethan63@github.io,Female,66.166.122.182
221,Waylin,Foster,wfoster64@skyrock.com,Male,188.156.249.232
222,Patricia,Clixby,pclixby65@purevolume.com,Female,220.231.25.197
223,Bernette,Ayars,bayars66@japanpost.jp,Female,22.233.111.48
224,Brook,Cashley,bcashley67@europa.eu,Female,250.214.156.241
225,Jenilee,Ferrario,jferrario68@nifty.com,Female,218.161.95.116
226,Ruttger,Jewis,rjewis69@rambler.ru,Male,222.237.39.101
227,Tamma,Joutapavicius,tjoutapavicius6a@senate.gov,Female,13.105.113.188
228,Martin,Heibel,mheibel6b@cyberchimps.com,Male,109.212.176.212
229,Rhetta,Barmadier,rbarmadier6c@cargocollective.com,Female,255.193.76.209
230,Willard,Stiegar,wstiegar6d@issuu.com,Male,90.255.164.186
231,Corie,De Mattei,cdemattei6e@purevolume.com,Female,183.88.62.122
232,Ritchie,Fassam,rfassam6f@va.gov,Male,103.29.85.232
233,Rickie,Drabble,rdrabble6g@biglobe.ne.jp,Male,106.142.183.108
234,Jocko,Cicccitti,jcicccitti6h@umich.edu,Male,142.162.90.102
235,Edgar,Reyes,ereyes6i@goo.ne.jp,Male,95.242.181.16
236,Evangeline,Gange,egange6j@amazon.co.jp,Female,110.18.143.141
237,Rosalia,Lief,rlief6k@ezinearticles.com,Female,44.198.68.50
238,Dunstan,Mohamed,dmohamed6l@vistaprint.com,Male,93.70.91.157
239,Yard,Vernazza,yvernazza6m@geocities.com,Male,211.124.108.223
240,Ogdon,Cattach,ocattach6n@ebay.com,Male,172.2.109.115
241,Elysia,Gatrill,egatrill6o@buzzfeed.com,Female,175.182.129.69
242,Bernadine,Cinelli,bcinelli6p@ezinearticles.com,Female,153.108.65.135
243,Anjanette,Tuffs,atuffs6q@xing.com,Female,134.101.255.200
244,Brynna,Muzzullo,bmuzzullo6r@phpbb.com,Female,7.74.237.120
245,Brent,Keith,bkeith6s@mapy.cz,Male,234.228.197.164
246,Lowe,Schaumann,lschaumann6t@slashdot.org,Male,232.13.9.96
247,Wainwright,Hammersley,whammersley6u@shareasale.com,Male,21.98.114.150
248,Mozes,Kenyam,mkenyam6v@comsenz.com,Male,174.77.171.44
249,Ryann,Guinn,rguinn6w@blogspot.com,Female,9.235.242.89
250,Johnathon,Habin,jhabin6x@diigo.com,Male,58.97.86.56
251,Benjamin,Wynes,bwynes6y@wikipedia.org,Male,29.217.233.149
252,Dorisa,Quiddinton,dquiddinton6z@ycombinator.com,Female,212.127.43.243
253,Darsey,Teare,dteare70@qq.com,Female,174.12.33.127
254,Daisie,Ralton,dralton71@hibu.com,Female,78.241.74.214
255,Alfonso,Meanwell,ameanwell72@parallels.com,Male,14.24.94.174
256,Sashenka,Tailour,stailour73@moonfruit.com,Female,100.155.226.100
257,Salomo,McMurty,smcmurty74@noaa.gov,Male,29.7.64.201
258,Kerry,Waghorn,kwaghorn75@intel.com,Female,71.8.2.91
259,Ricard,Jodrelle,rjodrelle76@wix.com,Male,182.28.250.208
260,Yasmin,Ciccoloi,yciccoloi77@squarespace.com,Female,194.127.176.217
261,Wilhelm,Rosewarne,wrosewarne78@oaic.gov.au,Male,44.188.121.98
262,Price,Grove,pgrove79@cbc.ca,Male,62.21.111.210
263,Alfi,Titcombe,atitcombe7a@cam.ac.uk,Female,127.196.58.12
264,Bendick,Touret,btouret7b@booking.com,Male,251.66.144.147
265,Enrico,Roch,eroch7c@tumblr.com,Male,71.82.255.197
266,Jeannine,Gook,jgook7d@miitbeian.gov.cn,Female,6.79.108.218
267,Onfroi,Shill,oshill7e@liveinternet.ru,Male,109.55.231.133
268,Irma,Elix,ielix7f@adobe.com,Female,146.181.139.60
269,Cassie,Seczyk,cseczyk7g@bloglines.com,Male,7.121.163.90
270,Rab,Dran,rdran7h@yale.edu,Male,128.23.48.204
271,Isidor,Bradberry,ibradberry7i@51.la,Male,12.214.50.19
272,Flori,Goulden,fgoulden7j@elpais.com,Female,204.47.191.72
273,Jami,Valder,jvalder7k@mit.edu,Female,8.101.70.62
274,Irwinn,MacVaugh,imacvaugh7l@free.fr,Male,100.221.68.32
275,Belle,Eric,beric7m@blinklist.com,Female,204.138.72.218
276,Venus,Theodore,vtheodore7n@mashable.com,Female,48.143.206.9
277,Orsa,Monier,omonier7o@youku.com,Female,63.233.200.3
278,Arlen,Castellini,acastellini7p@comsenz.com,Male,64.162.23.73
279,Guntar,Parvin,gparvin7q@webnode.com,Male,72.206.200.106
280,Candice,Emmot,cemmot7r@statcounter.com,Female,194.214.218.134
281,Holli,Napper,hnapper7s@imdb.com,Female,209.124.255.180
282,Georgette,Edy,gedy7t@dell.com,Female,241.242.174.48
283,Lothario,Antoniou,lantoniou7u@tripod.com,Male,240.151.144.168
284,Sibley,Adair,sadair7v@newyorker.com,Female,250.77.57.38
285,Dall,Creighton,dcreighton7w@yahoo.com,Male,106.161.170.249
286,Timotheus,Camocke,tcamocke7x@admin.ch,Male,241.42.11.64
287,Geoff,Cromie,gcromie7y@tripadvisor.com,Male,205.218.160.255
288,Denyse,Still,dstill7z@fotki.com,Female,99.11.102.41
289,Don,Masham,dmasham80@qq.com,Male,62.35.79.237
290,Tull,Blaker,tblaker81@businessweek.com,Male,79.25.99.223
291,Zilvia,Loxton,zloxton82@blinklist.com,Female,190.101.94.101
292,Hart,Burner,hburner83@ustream.tv,Male,183.100.93.35
293,Jolee,Oggers,joggers84@naver.com,Female,0.241.137.168
294,Kayley,Muldownie,kmuldownie85@zdnet.com,Female,232.235.64.185
295,Parsifal,Saunton,psaunton86@devhub.com,Male,62.3.77.209
296,Rosamund,Conradsen,rconradsen87@hhs.gov,Female,125.17.18.193
297,Nerta,Blaxland,nblaxland88@omniture.com,Female,223.1.10.82
298,Leroi,Frusher,lfrusher89@google.cn,Male,179.23.0.32
299,Leela,Rachuig,lrachuig8a@goo.ne.jp,Female,112.180.117.235
300,Trevor,Cushelly,tcushelly8b@cpanel.net,Male,14.184.150.141
301,Dilan,Kinkade,dkinkade8c@auda.org.au,Male,216.8.42.110
302,Inez,Bore,ibore8d@smh.com.au,Female,77.110.190.179
303,Kristian,Brice,kbrice8e@mozilla.com,Male,81.60.140.196
304,Tandi,Reavell,treavell8f@nasa.gov,Female,184.70.0.7
305,Hillier,Edmonds,hedmonds8g@ft.com,Male,84.36.216.90
306,Malissa,Di Giacomo,mdigiacomo8h@behance.net,Female,31.16.248.70
307,Corbett,de Lloyd,cdelloyd8i@admin.ch,Male,5.18.180.13
308,Miles,Lyles,mlyles8j@macromedia.com,Male,122.0.102.137
309,Elmore,Boughen,eboughen8k@opensource.org,Male,131.154.199.80
310,Tammara,Humpherston,thumpherston8l@berkeley.edu,Female,77.9.138.178
311,Torie,Gheraldi,tgheraldi8m@thetimes.co.uk,Female,78.228.155.166
312,Kellen,Purry,kpurry8n@nasa.gov,Female,230.35.59.60
313,Dun,Lamprey,dlamprey8o@mapquest.com,Male,246.89.25.223
314,Davin,Hutchins,dhutchins8p@telegraph.co.uk,Male,148.255.115.103
315,Danella,Rudkin,drudkin8q@prlog.org,Female,139.102.155.229
316,Gualterio,MacCart,gmaccart8r@si.edu,Male,147.14.127.199
317,Elizabeth,Blanket,eblanket8s@theguardian.com,Female,71.51.39.146
318,Rorke,Dennett,rdennett8t@networksolutions.com,Male,181.29.236.18
319,Lazaro,Nelthorp,lnelthorp8u@howstuffworks.com,Male,66.20.176.101
320,Shaylah,Sharplin,ssharplin8v@opensource.org,Female,100.4.138.235
321,Baxter,LLelweln,bllelweln8w@senate.gov,Male,32.169.210.224
322,Alastair,Ettery,aettery8x@amazon.co.jp,Male,59.100.70.144
323,Brady,Lucio,blucio8y@t-online.de,Male,252.89.230.72
324,Katerine,Preator,kpreator8z@bloomberg.com,Female,233.36.233.96
325,Zollie,McCurrie,zmccurrie90@auda.org.au,Male,137.102.4.131
326,Lyndell,Farnon,lfarnon91@fastcompany.com,Female,211.30.186.253
327,Tate,Wheble,twheble92@tumblr.com,Male,89.174.4.255
328,Lorant,Tomaszek,ltomaszek93@un.org,Male,161.89.196.155
329,Duky,Skottle,dskottle94@who.int,Male,163.82.3.106
330,Hayyim,Keniwell,hkeniwell95@yolasite.com,Male,158.195.164.87
331,Flss,Murfin,fmurfin96@vinaora.com,Female,155.182.224.35
332,Alphonse,Renals,arenals97@bluehost.com,Male,200.106.114.177
333,Ker,Demoge,kdemoge98@about.me,Male,55.205.74.17
334,Salli,Scrinage,sscrinage99@springer.com,Female,186.239.89.9
335,Curtis,Hughlock,chughlock9a@noaa.gov,Male,63.95.30.154
336,Pacorro,Valencia,pvalencia9b@state.tx.us,Male,219.2.126.37
337,Caritta,Bernhardsson,cbernhardsson9c@ebay.com,Female,133.163.66.73
338,Wheeler,Bartelot,wbartelot9d@dagondesign.com,Male,48.245.133.96
339,Dar,Denyukin,ddenyukin9e@bizjournals.com,Male,132.176.193.159
340,Kerianne,Lambricht,klambricht9f@goo.ne.jp,Female,59.76.208.129
341,Deni,Devereux,ddevereux9g@wix.com,Female,155.51.75.93
342,Ferdinand,Arundell,farundell9h@dion.ne.jp,Male,132.133.74.115
343,Kaspar,Perview,kperview9i@samsung.com,Male,72.61.9.62
344,Deerdre,Ivakhno,divakhno9j@storify.com,Female,157.215.12.54
345,Finley,Van De Cappelle,fvandecappelle9k@comcast.net,Male,215.165.60.137
346,Lonnie,Denty,ldenty9l@hexun.com,Female,73.189.31.253
347,Jerry,Yersin,jyersin9m@myspace.com,Male,165.230.194.239
348,Yuri,Boother,yboother9n@samsung.com,Male,90.27.209.42
349,Hazel,Biagi,hbiagi9o@hibu.com,Female,11.73.112.39
350,Amalea,Antonik,aantonik9p@illinois.edu,Female,54.251.115.123
351,Bernita,Tilte,btilte9q@house.gov,Female,27.32.125.144
352,Ethe,Twist,etwist9r@businessweek.com,Male,96.114.78.176
353,Diana,Coode,dcoode9s@wufoo.com,Female,253.149.206.44
354,Phedra,Kersley,pkersley9t@unblog.fr,Female,113.15.1.241
355,Darcie,Lambertson,dlambertson9u@cbc.ca,Female,46.238.215.244
356,Brina,Carrick,bcarrick9v@chicagotribune.com,Female,245.116.248.130
357,Rozanna,Marchment,rmarchment9w@livejournal.com,Female,203.191.33.10
358,Ruthanne,Leighfield,rleighfield9x@economist.com,Female,44.5.79.202
359,Linc,Manjot,lmanjot9y@t.co,Male,13.70.232.231
360,Danell,Simonite,dsimonite9z@bbc.co.uk,Female,86.18.63.190
361,Dedra,Blaney,dblaneya0@wordpress.org,Female,118.225.123.5
362,Norene,De Biaggi,ndebiaggia1@archive.org,Female,138.65.231.3
363,Adele,Mazzei,amazzeia2@npr.org,Female,209.147.50.233
364,Thain,Biner,tbinera3@nytimes.com,Male,87.28.8.224
365,Garrick,Course,gcoursea4@indiegogo.com,Male,74.140.153.145
366,Mufi,Sciusscietto,msciussciettoa5@webeden.co.uk,Female,148.16.155.251
367,Rozanne,Skarr,rskarra6@kickstarter.com,Female,143.53.8.87
368,Piper,Talloe,ptalloea7@huffingtonpost.com,Female,73.167.209.71
369,Athena,Oram,aorama8@slate.com,Female,223.82.247.196
370,Bridget,Hiseman,bhisemana9@alexa.com,Female,22.49.167.134
371,Kass,Cranshaw,kcranshawaa@g.co,Female,233.58.224.18
372,Alvera,Wormstone,awormstoneab@slideshare.net,Female,205.129.190.31
373,Waite,Lutwidge,wlutwidgeac@is.gd,Male,232.119.203.174
374,Katina,Adkins,kadkinsad@sohu.com,Female,33.101.10.185
375,Wells,Merck,wmerckae@t.co,Male,238.19.189.5
376,Sophi,Eim,seimaf@spotify.com,Female,229.73.248.71
377,Ronnie,Geeson,rgeesonag@jiathis.com,Female,35.122.199.232
378,Valenka,Nibley,vnibleyah@microsoft.com,Female,76.152.116.79
379,Craggie,Legat,clegatai@amazonaws.com,Male,251.170.111.210
380,Othello,Mardoll,omardollaj@ovh.net,Male,138.184.221.191
381,Karin,O'Sheilds,kosheildsak@altervista.org,Female,16.15.171.46
382,Luis,Tatem,ltatemal@amazon.co.jp,Male,67.207.62.42
383,Earle,Larn,elarnam@answers.com,Male,54.207.87.190
384,Flory,Hawson,fhawsonan@dagondesign.com,Female,89.232.222.157
385,Francklin,Mateev,fmateevao@yellowbook.com,Male,185.62.88.82
386,Francine,Debrett,fdebrettap@engadget.com,Female,224.55.171.191
387,Chance,Tomlett,ctomlettaq@github.io,Male,213.180.81.162
388,Dacia,Carlens,dcarlensar@vk.com,Female,78.114.199.91
389,Philbert,Isack,pisackas@wp.com,Male,1.191.28.93
390,Raffaello,Jobb,rjobbat@mail.ru,Male,194.231.198.142
391,Montgomery,Rann,mrannau@ycombinator.com,Male,25.251.239.83
392,Frants,Clemitt,fclemittav@cbc.ca,Male,178.8.30.231
393,Meggi,Heyward,mheywardaw@moonfruit.com,Female,244.55.111.219
394,Leonie,Purslow,lpurslowax@harvard.edu,Female,150.99.138.216
395,Raimund,Dufer,rduferay@networkadvertising.org,Male,213.23.194.193
396,Averil,Clandillon,aclandillonaz@moonfruit.com,Male,134.141.240.130
397,Brody,Smallbone,bsmallboneb0@bizjournals.com,Male,243.151.34.111
398,Ursala,Caldes,ucaldesb1@eventbrite.com,Female,33.228.240.31
399,Arleen,Cottle,acottleb2@cnet.com,Female,227.224.59.152
400,Alexis,Seeds,aseedsb3@weather.com,Male,0.121.15.161
401,Henka,Whitticks,hwhitticksb4@dion.ne.jp,Female,94.203.9.160
402,Thia,Sibbit,tsibbitb5@pinterest.com,Female,84.114.243.202
403,Fredrick,Oxbrow,foxbrowb6@amazon.co.uk,Male,69.190.96.152
404,Scott,Kiledal,skiledalb7@reverbnation.com,Male,99.216.191.50
405,Kaia,Witty,kwittyb8@example.com,Female,197.46.214.55
406,Starla,Chettle,schettleb9@wikipedia.org,Female,10.211.102.240
407,Grady,Rudloff,grudloffba@eepurl.com,Male,90.167.160.124
408,Roz,Bertomier,rbertomierbb@clickbank.net,Female,139.22.179.19
409,Shirley,Hanny,shannybc@squarespace.com,Female,234.33.205.81
410,Murdoch,McDougle,mmcdouglebd@china.com.cn,Male,90.33.120.31
411,Jenica,Raffan,jraffanbe@vkontakte.ru,Female,231.27.162.205
412,Darin,Elphey,delpheybf@purevolume.com,Male,222.169.45.30
413,Swen,St. Aubyn,sstaubynbg@marketwatch.com,Male,140.21.128.130
414,Florance,Housam,fhousambh@telegraph.co.uk,Female,236.219.164.169
415,Nichole,Prue,npruebi@reuters.com,Female,140.11.245.224
416,Zenia,Newby,znewbybj@sogou.com,Female,217.118.186.203
417,Aurie,Miettinen,amiettinenbk@virginia.edu,Female,206.41.43.115
418,Lizzy,Hallex,lhallexbl@amazon.co.uk,Female,116.235.243.180
419,Sollie,Paddison,spaddisonbm@independent.co.uk,Male,245.94.205.30
420,Demetri,Davydochkin,ddavydochkinbn@etsy.com,Male,233.251.147.55
421,Gwendolin,Danick,gdanickbo@shareasale.com,Female,204.157.158.174
422,Cinda,Warton,cwartonbp@phoca.cz,Female,11.8.197.197
423,Sawyer,Doneld,sdoneldbq@dailymotion.com,Male,241.194.241.178
424,Joaquin,Mazzei,jmazzeibr@hhs.gov,Male,132.80.78.65
425,Mendie,Bickersteth,mbickerstethbs@eventbrite.com,Male,121.193.13.141
426,Abbey,Guys,aguysbt@msn.com,Female,124.152.177.110
427,Keir,Bousquet,kbousquetbu@behance.net,Male,61.75.252.57
428,Nicolette,Mordacai,nmordacaibv@tripod.com,Female,9.83.58.244
429,Erhart,Ughelli,eughellibw@examiner.com,Male,128.123.253.236
430,Brodie,Sher,bsherbx@umn.edu,Male,163.248.139.99
431,Lawton,Brew,lbrewby@dropbox.com,Male,104.105.181.129
432,Mair,Muffin,mmuffinbz@artisteer.com,Female,121.128.184.140
433,Francine,Pankethman,fpankethmanc0@zimbio.com,Female,104.62.139.193
434,Cull,Hagwood,chagwoodc1@who.int,Male,221.43.9.177
435,Bethany,Richards,brichardsc2@purevolume.com,Female,180.138.234.80
436,Jillene,Kedwell,jkedwellc3@bloglovin.com,Female,14.158.73.108
437,Kimberly,Iscowitz,kiscowitzc4@privacy.gov.au,Female,34.113.47.243
438,Judah,Spinola,jspinolac5@springer.com,Male,63.100.58.193
439,Glenn,Shorte,gshortec6@toplist.cz,Male,194.148.67.128
440,Kellsie,Casswell,kcasswellc7@ft.com,Female,170.163.89.243
441,Tiphani,Sweetzer,tsweetzerc8@hubpages.com,Female,105.110.202.93
442,Raleigh,Hurl,rhurlc9@wufoo.com,Male,101.80.122.62
443,Stephan,Hoff,shoffca@hhs.gov,Male,104.15.199.130
444,Ebeneser,Marchelli,emarchellicb@weibo.com,Male,78.227.208.233
445,Mathian,Stormouth,mstormouthcc@ycombinator.com,Male,0.78.65.83
446,Babs,Trinke,btrinkecd@gravatar.com,Female,159.118.163.98
447,Thatcher,McOrkill,tmcorkillce@hubpages.com,Male,184.55.241.33
448,Jacquelynn,Cunnow,jcunnowcf@dropbox.com,Female,60.78.57.166
449,Rosabel,Charlo,rcharlocg@google.de,Female,51.226.152.40
450,Vinny,Doggerell,vdoggerellch@cdc.gov,Female,186.232.112.218
451,Jannel,Schaffel,jschaffelci@jugem.jp,Female,200.96.39.255
452,Phillis,Costard,pcostardcj@deviantart.com,Female,147.227.100.101
453,Sibyl,Bouttell,sbouttellck@miitbeian.gov.cn,Male,124.123.98.200
454,Starla,Ellen,sellencl@unc.edu,Female,26.160.21.72
455,Nelle,Coggings,ncoggingscm@jalbum.net,Female,111.109.200.210
456,Eugine,Barenski,ebarenskicn@netlog.com,Female,129.7.196.212
457,Brocky,Brosh,bbroshco@facebook.com,Male,254.53.156.189
458,Jerrilee,Symondson,jsymondsoncp@salon.com,Female,100.16.14.97
459,Denny,Tunnock,dtunnockcq@google.co.uk,Female,152.254.181.1
460,Florinda,Getten,fgettencr@angelfire.com,Female,55.78.25.77
461,Nicol,Williams,nwilliamscs@unesco.org,Female,159.39.33.79
462,Kane,Conochie,kconochiect@ftc.gov,Male,134.73.195.36
463,Xever,Selbie,xselbiecu@eepurl.com,Male,60.163.60.234
464,Anthe,Dregan,adregancv@cmu.edu,Female,44.134.85.103
465,Beniamino,De Winton,bdewintoncw@state.tx.us,Male,18.11.41.40
466,Alfonse,Ziems,aziemscx@globo.com,Male,4.117.43.17
467,Yevette,Burdis,yburdiscy@about.me,Female,171.145.221.203
468,Jakie,Talman,jtalmancz@utexas.edu,Male,208.3.192.116
469,Reggis,Treppas,rtreppasd0@pbs.org,Male,39.13.76.187
470,Cobb,Betonia,cbetoniad1@bing.com,Male,234.159.25.227
471,Giustino,Gley,ggleyd2@mit.edu,Male,163.18.133.73
472,Nessi,Jeays,njeaysd3@rediff.com,Female,111.164.185.66
473,Gretal,Debrick,gdebrickd4@topsy.com,Female,92.129.187.63
474,Nolie,Moakes,nmoakesd5@amazon.de,Female,71.200.193.3
475,Rutledge,Heathcoat,rheathcoatd6@guardian.co.uk,Male,190.185.242.100
476,Jayne,Bowery,jboweryd7@meetup.com,Female,133.179.135.247
477,Sherie,Offell,soffelld8@sogou.com,Female,225.188.108.4
478,Rosita,Carlino,rcarlinod9@foxnews.com,Female,63.124.14.232
479,Filip,Bidwell,fbidwellda@dagondesign.com,Male,240.89.201.170
480,Adams,Dikle,adikledb@time.com,Male,173.123.125.217
481,Adora,Gorrick,agorrickdc@mlb.com,Female,69.69.219.254
482,Artemis,Caddies,acaddiesdd@gnu.org,Male,142.251.86.203
483,Dina,Laughton,dlaughtonde@cocolog-nifty.com,Female,134.103.21.131
484,Loralie,Atkin,latkindf@miitbeian.gov.cn,Female,65.89.110.176
485,Goldie,Cannell,gcannelldg@devhub.com,Female,98.131.53.49
486,Xenos,Hovee,xhoveedh@kickstarter.com,Male,236.43.141.182
487,Rabi,Thome,rthomedi@amazon.com,Male,182.142.4.1
488,Rosene,Inglis,ringlisdj@mediafire.com,Female,133.108.63.241
489,Con,Knevett,cknevettdk@indiegogo.com,Male,166.92.3.157
490,Irma,Slocket,islocketdl@wunderground.com,Female,197.191.57.59
491,Rand,Hannis,rhannisdm@tinyurl.com,Male,249.162.194.15
492,Dulsea,Attwool,dattwooldn@oaic.gov.au,Female,82.111.172.147
493,Joella,Kiddie,jkiddiedo@flickr.com,Female,39.81.68.129
494,Addie,Dowzell,adowzelldp@uiuc.edu,Male,209.86.117.55
495,Lissy,Fairey,lfaireydq@ucla.edu,Female,108.171.82.237
496,Jamaal,Sarch,jsarchdr@vimeo.com,Male,6.221.215.144
497,Derk,Maddra,dmaddrads@live.com,Male,139.89.12.66
498,Edik,Chadwen,echadwendt@alexa.com,Male,101.196.83.143
499,Dedra,Shanks,dshanksdu@nih.gov,Female,97.93.198.199
500,Dee dee,Pratley,dpratleydv@vinaora.com,Female,69.130.255.150
501,Adlai,Clewlow,aclewlowdw@nydailynews.com,Male,138.199.154.117
502,Albrecht,Baake,abaakedx@dyndns.org,Male,108.202.210.25
503,Marwin,Copp,mcoppdy@ehow.com,Male,189.212.182.98
504,Elbert,Crigin,ecrigindz@liveinternet.ru,Male,62.153.84.207
505,Hamlen,Schrir,hschrire0@dot.gov,Male,191.241.1.77
506,Joann,Heball,jheballe1@cdc.gov,Female,208.35.14.105
507,Monica,MacGilrewy,mmacgilrewye2@cisco.com,Female,59.134.252.54
508,Land,Collingworth,lcollingworthe3@wunderground.com,Male,155.174.232.26
509,Stanley,Caseri,scaserie4@merriam-webster.com,Male,218.140.15.238
510,Urbano,MacAlpyne,umacalpynee5@statcounter.com,Male,130.204.33.191
511,Millie,Lestrange,mlestrangee6@example.com,Female,238.46.42.34
512,Colline,Bleackly,cbleacklye7@mapquest.com,Female,50.162.72.148
513,Scarlett,Jovovic,sjovovice8@webmd.com,Female,194.168.146.54
514,Cortney,Murkin,cmurkine9@state.gov,Female,80.250.182.226
515,Dory,Stanway,dstanwayea@prnewswire.com,Male,150.102.169.32
516,Jenica,McCreath,jmccreatheb@yolasite.com,Female,78.52.195.223
517,Dudley,Petlyura,dpetlyuraec@economist.com,Male,119.200.41.239
518,Yvette,Dawkins,ydawkinsed@surveymonkey.com,Female,116.116.223.97
519,Ernestine,Meo,emeoee@mail.ru,Female,189.225.102.229
520,Dayle,Drinkel,ddrinkelef@theguardian.com,Female,93.64.246.34
521,Wilburt,Gibbieson,wgibbiesoneg@sun.com,Male,160.85.189.150
522,Sunshine,Gregoretti,sgregorettieh@cnet.com,Female,245.81.63.60
523,Beale,Bindley,bbindleyei@bbc.co.uk,Male,135.173.212.170
524,Thorsten,Atling,tatlingej@vk.com,Male,88.111.85.41
525,Roth,Melmar,rmelmarek@bravesites.com,Male,33.15.210.238
526,Winne,Vizor,wvizorel@umich.edu,Female,68.44.72.47
527,Virgilio,Plampeyn,vplampeynem@prlog.org,Male,63.192.94.144
528,Ninnetta,Korous,nkorousen@flickr.com,Female,77.1.39.38
529,Kaylee,Faley,kfaleyeo@opera.com,Female,185.137.205.226
530,Garvy,Tyce,gtyceep@google.co.jp,Male,1.238.148.169
531,Meg,Poundsford,mpoundsfordeq@reference.com,Female,144.55.237.184
532,Skippie,Richings,srichingser@wikia.com,Male,110.80.195.104
533,Ade,Roffey,aroffeyes@wix.com,Male,157.51.215.24
534,Ossie,Primrose,oprimroseet@bluehost.com,Male,169.113.8.221
535,Dennie,Yakobovitz,dyakobovitzeu@google.com.au,Male,233.187.118.167
536,Floyd,Mawby,fmawbyev@amazon.co.jp,Male,206.13.235.19
537,Coraline,Huburn,chuburnew@canalblog.com,Female,190.155.224.237
538,Reade,Carnoghan,rcarnoghanex@answers.com,Male,166.168.36.100
539,Carlene,Mustoo,cmustooey@who.int,Female,36.143.110.164
540,Daphna,Stroder,dstroderez@hud.gov,Female,20.158.59.226
541,Dyna,Hayne,dhaynef0@gravatar.com,Female,182.0.80.154
542,Rick,Zarb,rzarbf1@mapquest.com,Male,45.235.209.43
543,Prinz,Haversham,phavershamf2@google.fr,Male,75.211.88.6
544,Renell,Seivwright,rseivwrightf3@goo.gl,Female,62.37.243.59
545,Eleanor,Gepheart,egepheartf4@skyrock.com,Female,178.53.25.65
546,Tore,Trevorrow,ttrevorrowf5@edublogs.org,Male,173.101.253.0
547,Melesa,Snell,msnellf6@jimdo.com,Female,226.245.110.26
548,Jareb,Hacker,jhackerf7@businesswire.com,Male,227.15.179.169
549,Ruthe,Beirne,rbeirnef8@wordpress.com,Female,244.169.144.220
550,Ines,Mountcastle,imountcastlef9@oakley.com,Female,202.239.57.107
551,Bradly,Slad,bsladfa@addtoany.com,Male,98.139.241.248
552,Brodie,Woolgar,bwoolgarfb@goo.ne.jp,Male,240.89.206.13
553,Fidelity,Dibb,fdibbfc@topsy.com,Female,165.216.106.254
554,Sim,Tapsell,stapsellfd@elpais.com,Male,213.124.215.0
555,Ferdinand,Leipelt,fleipeltfe@google.com.hk,Male,92.8.5.56
556,Vida,Marcroft,vmarcroftff@tiny.cc,Female,10.220.87.254
557,Matthus,Jarratt,mjarrattfg@cocolog-nifty.com,Male,145.39.144.224
558,Karla,Seeger,kseegerfh@psu.edu,Female,162.165.98.220
559,Antonella,Nurdin,anurdinfi@wufoo.com,Female,196.254.68.34
560,Ade,Honack,ahonackfj@blogger.com,Male,129.53.224.48
561,Corabel,Gledstane,cgledstanefk@dailymotion.com,Female,85.105.160.100
562,Warden,O'Neill,woneillfl@cocolog-nifty.com,Male,196.9.67.189
563,Forrest,Ravens,fravensfm@mail.ru,Male,122.159.98.177
564,Bev,Scouler,bscoulerfn@netscape.com,Male,170.143.128.109
565,Olga,Brisseau,obrisseaufo@yahoo.com,Female,213.216.179.170
566,Sharline,Banisch,sbanischfp@wordpress.com,Female,220.196.247.74
567,Lilas,Ramm,lrammfq@rambler.ru,Female,157.106.30.223
568,Virginia,Dendon,vdendonfr@hao123.com,Female,61.246.226.6
569,Dael,Coviello,dcoviellofs@hugedomains.com,Male,234.253.200.217
570,Lishe,Huton,lhutonft@state.gov,Female,20.22.95.133
571,Bella,Lewsley,blewsleyfu@soup.io,Female,58.9.204.131
572,Loren,Durran,ldurranfv@deliciousdays.com,Female,247.164.178.72
573,Bud,Tebboth,btebbothfw@tumblr.com,Male,248.21.94.84
574,Avery,Lassetter,alassetterfx@tinypic.com,Male,223.206.108.183
575,Elaina,Marchiso,emarchisofy@slashdot.org,Female,87.200.87.222
576,Mitchell,Patnelli,mpatnellifz@parallels.com,Male,9.223.164.150
577,Jsandye,Ravens,jravensg0@gnu.org,Female,99.233.48.235
578,Tod,Wellings,twellingsg1@weebly.com,Male,203.58.193.188
579,Ringo,Proud,rproudg2@shop-pro.jp,Male,43.61.102.192
580,Margarete,Gerardeaux,mgerardeauxg3@cbsnews.com,Female,77.35.124.102
581,Vito,Polhill,vpolhillg4@ucsd.edu,Male,132.113.162.216
582,Cirilo,Blonfield,cblonfieldg5@seesaa.net,Male,84.38.49.242
583,Bryanty,Janusz,bjanuszg6@army.mil,Male,173.140.67.35
584,Helsa,Saph,hsaphg7@google.com.au,Female,76.153.77.47
585,Rustin,Fetter,rfetterg8@usatoday.com,Male,34.221.114.254
586,Dimitry,Poleykett,dpoleykettg9@tripod.com,Male,234.219.235.185
587,Parker,Drury,pdruryga@trellian.com,Male,246.122.215.229
588,Ailsun,Doodson,adoodsongb@constantcontact.com,Female,136.222.178.97
589,Robin,Reith,rreithgc@techcrunch.com,Female,185.158.139.165
590,Tamarah,London,tlondongd@nifty.com,Female,39.201.223.143
591,Rosabel,Burnhard,rburnhardge@google.fr,Female,159.110.82.2
592,Abbie,Allin,aallingf@a8.net,Female,16.114.214.178
593,Hammad,Mityukov,hmityukovgg@rakuten.co.jp,Male,185.59.39.190
594,Pansy,Kilminster,pkilminstergh@cargocollective.com,Female,68.192.31.2
595,Janenna,Sillett,jsillettgi@census.gov,Female,105.70.16.27
596,Stace,McParland,smcparlandgj@e-recht24.de,Female,68.133.246.54
597,Somerset,Warn,swarngk@si.edu,Male,103.12.1.82
598,Geraldine,Rosensaft,grosensaftgl@ezinearticles.com,Female,154.43.17.218
599,Ailbert,Attrey,aattreygm@tripod.com,Male,198.20.11.82
600,Xavier,Drinkhall,xdrinkhallgn@ucoz.ru,Male,53.239.93.27
601,Stormie,Wankling,swanklinggo@engadget.com,Female,168.191.134.66
602,Arlen,Chasney,achasneygp@hp.com,Male,246.21.90.11
603,Jermain,Hillburn,jhillburngq@wufoo.com,Male,123.253.254.238
604,Morgan,Leare,mlearegr@barnesandnoble.com,Male,25.101.253.15
605,Morris,Foukx,mfoukxgs@cbslocal.com,Male,230.83.23.89
606,Alphonse,Hairyes,ahairyesgt@drupal.org,Male,100.0.246.152
607,Paola,Giurio,pgiuriogu@instagram.com,Female,178.39.21.121
608,Amelia,Grier,agriergv@tinypic.com,Female,233.147.105.117
609,Modesta,Brodie,mbrodiegw@is.gd,Female,52.115.144.253
610,Chandal,Lovstrom,clovstromgx@gizmodo.com,Female,205.9.235.190
611,Lindsey,Wimp,lwimpgy@berkeley.edu,Female,52.165.147.175
612,Rosella,Rubinsaft,rrubinsaftgz@myspace.com,Female,116.66.120.51
613,Titos,Molyneux,tmolyneuxh0@archive.org,Male,251.60.60.99
614,Gusta,Zucker,gzuckerh1@behance.net,Female,162.114.212.138
615,Bee,Corkill,bcorkillh2@amazon.com,Female,182.236.112.184
616,Munroe,Cresser,mcresserh3@thetimes.co.uk,Male,61.15.193.75
617,Lyda,Mensler,lmenslerh4@npr.org,Female,154.121.104.230
618,Garvy,Shire,gshireh5@wiley.com,Male,212.227.31.10
619,Laura,Deards,ldeardsh6@icio.us,Female,196.173.238.88
620,Niels,Heap,nheaph7@nsw.gov.au,Male,88.114.73.132
621,Devlen,Meric,dmerich8@foxnews.com,Male,17.117.136.231
622,Cynthy,McAne,cmcaneh9@army.mil,Female,142.159.234.11
623,Conrad,Longcake,clongcakeha@ted.com,Male,167.16.227.10
624,Sawyer,Bricket,sbrickethb@answers.com,Male,233.179.34.209
625,Helen,Rumsby,hrumsbyhc@nbcnews.com,Female,138.207.191.60
626,Pippa,Horick,phorickhd@shareasale.com,Female,15.69.254.10
627,Dalston,Checklin,dchecklinhe@google.com.hk,Male,58.183.94.168
628,Pearce,Lissandre,plissandrehf@pbs.org,Male,63.41.73.123
629,Heall,Leheude,hleheudehg@europa.eu,Male,35.183.165.133
630,Felizio,Priel,fprielhh@fema.gov,Male,137.81.90.14
631,Emlynne,Thomsson,ethomssonhi@hugedomains.com,Female,200.185.51.200
632,Adolphus,Brittles,abrittleshj@goo.gl,Male,202.64.204.177
633,Jedd,Clother,jclotherhk@businesswire.com,Male,227.231.82.124
634,Alta,Senescall,asenescallhl@drupal.org,Female,90.39.152.149
635,Kirsten,Duchenne,kduchennehm@sakura.ne.jp,Female,169.36.102.84
636,Emmett,Thowless,ethowlesshn@clickbank.net,Male,199.196.146.86
637,Sherwynd,Unworth,sunworthho@timesonline.co.uk,Male,134.240.43.189
638,Ewan,Doran,edoranhp@geocities.jp,Male,217.107.76.127
639,Elsbeth,Varlow,evarlowhq@mail.ru,Female,165.208.134.51
640,Bastian,Dewes,bdeweshr@walmart.com,Male,127.117.170.169
641,Robin,Iowarch,riowarchhs@senate.gov,Male,223.205.152.53
642,Enrico,Vince,evinceht@howstuffworks.com,Male,30.65.178.70
643,Jammie,Perrin,jperrinhu@barnesandnoble.com,Female,173.120.120.57
644,Rikki,Garwill,rgarwillhv@mail.ru,Female,166.107.238.98
645,Jacquenetta,Riddle,jriddlehw@ameblo.jp,Female,252.116.236.199
646,Teresina,Tabrett,ttabretthx@omniture.com,Female,253.61.2.122
647,Maritsa,Althrop,malthrophy@instagram.com,Female,51.210.43.217
648,Nonnah,Maughan,nmaughanhz@tmall.com,Female,164.47.93.210
649,Matthew,Bonds,mbondsi0@answers.com,Male,31.246.253.199
650,Gaultiero,Donnachie,gdonnachiei1@e-recht24.de,Male,77.48.59.64
651,Chevy,Berkowitz,cberkowitzi2@ted.com,Male,78.144.84.42
652,Zita,Sparham,zsparhami3@yale.edu,Female,118.183.145.157
653,Coretta,Puddin,cpuddini4@cnbc.com,Female,57.86.171.175
654,Berk,Tunnadine,btunnadinei5@unblog.fr,Male,231.227.59.236
655,Clementine,Tarbard,ctarbardi6@examiner.com,Female,118.194.156.68
656,Husain,Heinrici,hheinricii7@imageshack.us,Male,62.55.32.118
657,Domini,Vigus,dvigusi8@delicious.com,Female,24.194.149.82
658,Daniele,Jordin,djordini9@imdb.com,Female,68.246.96.84
659,Joellyn,Cund,jcundia@domainmarket.com,Female,41.241.80.16
660,Drucy,Downes,ddownesib@indiegogo.com,Female,9.247.43.251
661,Lonnie,Giovannacc@i,lgiovannacciic@goo.gl,Male,35.59.239.144
662,Audrye,Halshaw,ahalshawid@msn.com,Female,8.5.205.204
663,Branden,Dybell,bdybellie@mlb.com,Male,203.84.186.105
664,Nataniel,Keelan,nkeelanif@tuttocitta.it,Male,161.120.231.145
665,Channa,Thomason,cthomasonig@chronoengine.com,Female,59.14.11.173
666,Karmen,Vaughan,kvaughanih@furl.net,Female,185.53.82.84
667,Glenn,Axelbey,gaxelbeyii@addthis.com,Male,41.113.12.57
668,Serena,Hamson,shamsonij@geocities.com,Female,200.154.106.64
669,Charlean,Kleewein,ckleeweinik@netlog.com,Female,25.31.137.207
670,Delmar,Barette,dbaretteil@bloglovin.com,Male,219.61.23.166
671,Julee,Kondrat,jkondratim@weather.com,Female,219.22.243.88
672,Valaree,Cawdery,vcawderyin@bravesites.com,Female,159.13.121.81
673,Casper,Renachowski,crenachowskiio@naver.com,Male,79.241.202.187
674,Mercie,Doughtery,mdoughteryip@hhs.gov,Female,76.15.255.104
675,Marilyn,McCambridge,mmccambridgeiq@parallels.com,Female,217.94.22.239
676,Stanislaw,Purkess,spurkessir@netlog.com,Male,140.91.229.179
677,Henri,Weighell,hweighellis@bravesites.com,Male,46.36.171.117
678,Lidia,Thickins,lthickinsit@blogspot.com,Female,225.207.2.212
679,Anet,Earwaker,aearwakeriu@parallels.com,Female,109.32.8.109
680,Lynne,Mc Carroll,lmccarrolliv@homestead.com,Female,212.137.52.118
681,Joey,Liffe,jliffeiw@ucla.edu,Female,56.203.187.139
682,Willey,Broadbent,wbroadbentix@addthis.com,Male,65.216.21.77
683,Laney,Rostern,lrosterniy@360.cn,Male,51.153.145.182
684,Gaile,Pinor,gpinoriz@plala.or.jp,Male,106.151.152.101
685,Lyndsay,Bygott,lbygottj0@csmonitor.com,Female,158.97.168.122
686,Arne,Howat,ahowatj1@a8.net,Male,87.143.152.43
687,Brana,Rosenhaus,brosenhausj2@printfriendly.com,Female,134.22.203.226
688,Lucio,Isworth,lisworthj3@sogou.com,Male,251.236.229.183
689,Mischa,Westfield,mwestfieldj4@skyrock.com,Male,0.38.98.238
690,Arluene,Rodge,arodgej5@bizjournals.com,Female,205.100.242.182
691,Sophi,McColl,smccollj6@newyorker.com,Female,6.76.205.107
692,Craig,Cruttenden,ccruttendenj7@wired.com,Male,83.228.179.120
693,Sheridan,Hallgate,shallgatej8@irs.gov,Male,46.114.16.229
694,Chloris,Tomasik,ctomasikj9@behance.net,Female,19.143.1.110
695,Brittne,Heigho,bheighoja@businessinsider.com,Female,142.222.213.133
696,Duffie,Cammacke,dcammackejb@unc.edu,Male,119.93.217.171
697,Gan,Muckian,gmuckianjc@cnbc.com,Male,147.182.100.236
698,Myrta,Robjant,mrobjantjd@apple.com,Female,77.77.112.208
699,Austin,Leach,aleachje@bigcartel.com,Female,0.194.183.155
700,Alphard,Nary,anaryjf@businesswire.com,Male,241.94.210.241
701,Ulises,Milburn,umilburnjg@go.com,Male,151.162.144.195
702,Aleta,Petris,apetrisjh@mozilla.org,Female,25.57.40.64
703,Clio,Bradnick,cbradnickji@google.nl,Female,236.107.169.207
704,Odella,Gadault,ogadaultjj@bravesites.com,Female,75.40.41.21
705,Gibby,McGinley,gmcginleyjk@bloomberg.com,Male,104.20.24.125
706,Paxon,Labitt,plabittjl@hp.com,Male,229.142.241.221
707,Jorrie,Gibling,jgiblingjm@dagondesign.com,Female,219.27.4.207
708,Dayna,Battrick,dbattrickjn@go.com,Female,227.236.26.38
709,Jemmie,Wilkison,jwilkisonjo@indiatimes.com,Female,97.54.33.162
710,Camilla,Murkus,cmurkusjp@cdbaby.com,Female,15.212.51.234
711,Tadio,Nisby,tnisbyjq@miitbeian.gov.cn,Male,155.85.101.45
712,Timofei,Kelley,tkelleyjr@alibaba.com,Male,33.1.154.89
713,Lucas,Stovine,lstovinejs@springer.com,Male,163.97.39.183
714,Mae,Knighton,mknightonjt@discuz.net,Female,97.106.118.103
715,Jarad,Danielsen,jdanielsenju@discuz.net,Male,252.111.231.217
716,Evvie,Dignan,edignanjv@state.tx.us,Female,150.112.68.49
717,Bram,Jenyns,bjenynsjw@123-reg.co.uk,Male,50.84.76.182
718,Russ,Kinzel,rkinzeljx@xinhuanet.com,Male,242.227.86.212
719,Friederike,Boast,fboastjy@go.com,Female,174.120.203.238
720,Sibylle,Vescovini,svescovinijz@liveinternet.ru,Female,94.249.89.244
721,Curt,Paulillo,cpaulillok0@tamu.edu,Male,227.37.22.50
722,Hanny,Luckie,hluckiek1@walmart.com,Female,135.217.134.210
723,Redd,Bisiker,rbisikerk2@pcworld.com,Male,93.3.40.90
724,Elysha,Olive,eolivek3@rambler.ru,Female,15.218.138.164
725,Bradney,Hallam,bhallamk4@jigsy.com,Male,83.58.174.139
726,Ruby,Pressman,rpressmank5@vimeo.com,Male,38.47.140.136
727,Shelley,Seeman,sseemank6@tripadvisor.com,Male,40.88.206.52
728,Dun,O'Downe,dodownek7@sciencedaily.com,Male,100.195.25.22
729,Whitman,Vel,wvelk8@state.gov,Male,138.242.213.128
730,Humfried,Tottman,htottmank9@shinystat.com,Male,208.193.87.26
731,Gabriele,Lints,glintska@smh.com.au,Male,2.19.55.98
732,Austen,Woolmer,awoolmerkb@surveymonkey.com,Male,76.186.53.71
733,Aguistin,Yakov,ayakovkc@redcross.org,Male,46.111.170.143
734,Alister,Nathan,anathankd@github.com,Male,130.95.131.76
735,Bartholomew,Ferrar,bferrarke@infoseek.co.jp,Male,1.145.136.151
736,Aldrich,Dowty,adowtykf@home.pl,Male,210.176.61.140
737,Leontyne,Devey,ldeveykg@topsy.com,Female,28.242.150.240
738,Serge,Flintoffe,sflintoffekh@marriott.com,Male,30.113.194.74
739,Shell,Penddreth,spenddrethki@ow.ly,Female,215.249.211.212
740,Loren,Reisenberg,lreisenbergkj@prweb.com,Male,145.122.196.2
741,Donny,Hallstone,dhallstonekk@shop-pro.jp,Female,215.226.99.201
742,Ingmar,Spon,isponkl@so-net.ne.jp,Male,147.194.247.17
743,Stuart,Sanday,ssandaykm@pagesperso-orange.fr,Male,68.131.14.199
744,Adams,Frowing,afrowingkn@whitehouse.gov,Male,132.229.13.153
745,Lorraine,Ephson,lephsonko@weather.com,Female,9.97.139.156
746,Tye,Bligh,tblighkp@elpais.com,Male,207.30.249.222
747,Webb,Vigar,wvigarkq@over-blog.com,Male,204.67.122.167
748,Cash,Baxstair,cbaxstairkr@alibaba.com,Male,31.88.84.215
749,Donni,Alu,daluks@foxnews.com,Female,130.183.87.177
750,Humberto,Scranedge,hscranedgekt@google.co.jp,Male,3.209.183.139
751,Delphine,Oakwell,doakwellku@merriam-webster.com,Female,25.111.128.69
752,Van,Tubb,vtubbkv@chronoengine.com,Male,214.203.68.251
753,Ed,Thunnercliff,ethunnercliffkw@chicagotribune.com,Male,32.6.92.184
754,Rick,Maseyk,rmaseykkx@webnode.com,Male,158.147.149.75
755,Andromache,Cubbin,acubbinky@miitbeian.gov.cn,Female,236.19.189.157
756,Art,Wegman,awegmankz@indiegogo.com,Male,106.212.112.194
757,Wildon,Nund,wnundl0@nhs.uk,Male,80.234.66.63
758,Jody,Gillice,jgillicel1@cdbaby.com,Female,87.168.154.196
759,Terri,Tiffney,ttiffneyl2@jalbum.net,Male,160.180.132.174
760,Rennie,Amesbury,ramesburyl3@bluehost.com,Female,100.219.218.16
761,Eziechiele,D'Alesco,edalescol4@storify.com,Male,173.223.174.247
762,Sioux,Coalbran,scoalbranl5@phoca.cz,Female,17.162.89.77
763,Amery,Klaff,aklaffl6@msn.com,Male,214.54.236.162
764,Olia,Rusbridge,orusbridgel7@accuweather.com,Female,172.164.66.248
765,Wadsworth,Tweedell,wtweedelll8@google.com.br,Male,133.154.175.129
766,Stanwood,Berrisford,sberrisfordl9@dedecms.com,Male,98.94.105.194
767,Berky,Leatt,bleattla@amazon.co.uk,Male,42.171.175.25
768,August,Leveritt,aleverittlb@reverbnation.com,Male,71.101.222.153
769,Dell,Shorton,dshortonlc@edublogs.org,Male,195.71.248.235
770,Reiko,Killiner,rkillinerld@soundcloud.com,Female,5.152.209.52
771,Kerrill,Wardesworth,kwardesworthle@home.pl,Female,50.95.11.238
772,Deck,Koba,dkobalf@wisc.edu,Male,168.25.253.223
773,Aubrey,Turbern,aturbernlg@japanpost.jp,Female,95.11.13.242
774,Calvin,Perkins,cperkinslh@microsoft.com,Male,190.249.153.182
775,Barbey,Wais,bwaisli@telegraph.co.uk,Female,183.17.213.40
776,Aldus,McCurry,amccurrylj@github.com,Male,127.100.51.166
777,Danette,Gauge,dgaugelk@123-reg.co.uk,Female,178.194.192.63
778,Donnajean,Derks,dderksll@engadget.com,Female,207.163.164.251
779,Wolfy,Pettersen,wpettersenlm@hao123.com,Male,107.236.8.5
780,Stillmann,Ayling,saylingln@topsy.com,Male,23.131.51.18
781,Mart,Ryhorovich,mryhorovichlo@wufoo.com,Male,52.53.145.172
782,Merrill,Keavy,mkeavylp@qq.com,Male,50.238.25.79
783,Ulrick,Rodders,urodderslq@unc.edu,Male,133.79.130.244
784,Krishna,Instock,kinstocklr@blinklist.com,Male,59.59.32.8
785,Edvard,Ivan,eivanls@weebly.com,Male,45.111.52.162
786,Debera,Pummery,dpummerylt@icio.us,Female,69.216.92.226
787,Sim,Melchior,smelchiorlu@loc.gov,Male,222.105.77.149
788,Selene,Lindeboom,slindeboomlv@squarespace.com,Female,103.245.84.84
789,Juli,Uvedale,juvedalelw@amazonaws.com,Female,176.210.126.5
790,Pavlov,Birdsall,pbirdsalllx@blinklist.com,Male,132.243.250.229
791,Nehemiah,Cutbush,ncutbushly@artisteer.com,Male,252.142.169.103
792,Mohammed,Dungay,mdungaylz@google.es,Male,164.160.121.59
793,Anson,Santarelli,asantarellim0@apache.org,Male,182.65.162.92
794,Shaun,Molnar,smolnarm1@lycos.com,Male,220.134.192.30
795,Luca,Klees,lkleesm2@discovery.com,Male,195.254.107.177
796,Cedric,Sawell,csawellm3@livejournal.com,Male,152.33.10.158
797,Bron,Downing,bdowningm4@webs.com,Male,231.229.32.150
798,Alyss,Glasspool,aglasspoolm5@com.com,Female,73.174.48.238
799,Berty,Cornes,bcornesm6@wunderground.com,Female,130.61.249.149
800,Burnard,Ossenna,bossennam7@taobao.com,Male,249.51.16.61
801,Kent,Yaldren,kyaldrenm8@goodreads.com,Male,109.227.153.62
802,Claus,Wadman,cwadmanm9@craigslist.org,Male,130.197.195.88
803,Brannon,Bletso,bbletsoma@a8.net,Male,221.242.167.254
804,Cathi,Argue,carguemb@umich.edu,Female,12.225.186.211
805,Johnna,Christmas,jchristmasmc@amazon.co.jp,Female,45.197.78.166
806,Clayton,Cuseick,ccuseickmd@xing.com,Male,210.163.101.58
807,Gardener,Paddy,gpaddyme@house.gov,Male,66.112.244.37
808,Lisle,Alan,lalanmf@themeforest.net,Male,220.32.94.71
809,Isadora,Rillett,irillettmg@google.com,Female,102.171.38.32
810,Mortimer,Wind,mwindmh@tinypic.com,Male,56.33.76.246
811,Ely,O'Cuddie,eocuddiemi@altervista.org,Male,28.96.71.92
812,Corina,Vowdon,cvowdonmj@google.com.hk,Female,240.252.77.188
813,Cort,Thornbarrow,cthornbarrowmk@jigsy.com,Male,244.177.158.15
814,Neall,de Banke,ndebankeml@ifeng.com,Male,9.152.45.178
815,Sallee,Dadson,sdadsonmm@nih.gov,Female,193.139.204.89
816,Milissent,Portigall,mportigallmn@slideshare.net,Female,146.24.70.20
817,Reginald,Cater,rcatermo@kickstarter.com,Male,36.244.185.19
818,Natassia,Rivelon,nrivelonmp@youtu.be,Female,144.197.196.13
819,Rhea,Seegar,rseegarmq@google.co.uk,Female,156.250.130.180
820,Jody,Hulk,jhulkmr@nyu.edu,Male,9.125.238.158
821,Veronica,Steventon,vsteventonms@vk.com,Female,131.40.241.1
822,Waverley,Farnon,wfarnonmt@netscape.com,Male,72.181.71.23
823,Tiebout,Cartledge,tcartledgemu@tinyurl.com,Male,199.253.113.196
824,Victoria,Yurukhin,vyurukhinmv@chronoengine.com,Female,77.150.88.46
825,Charles,Herety,cheretymw@icio.us,Male,172.134.248.172
826,Katleen,Copo,kcopomx@altervista.org,Female,164.198.30.154
827,Damian,Mingey,dmingeymy@elpais.com,Male,69.73.149.12
828,Cristy,Loughran,cloughranmz@youtu.be,Female,80.85.199.227
829,Cornelle,Ritmeyer,critmeyern0@newyorker.com,Female,77.143.229.217
830,Derrik,Keerl,dkeerln1@virginia.edu,Male,254.191.70.109
831,Sacha,Knibb,sknibbn2@hc360.com,Female,54.245.202.130
832,Maurita,Capener,mcapenern3@quantcast.com,Female,158.139.112.17
833,Damiano,Rignold,drignoldn4@marriott.com,Male,17.98.181.240
834,Steffie,Sighart,ssighartn5@youku.com,Female,141.93.163.111
835,Evonne,Ritchard,eritchardn6@princeton.edu,Female,138.3.78.162
836,Deane,Plews,dplewsn7@de.vu,Male,178.106.255.207
837,Olenolin,Hayball,ohayballn8@clickbank.net,Male,227.202.228.198
838,Billy,Hixley,bhixleyn9@marriott.com,Male,252.42.218.138
839,Eward,Moran,emoranna@phoca.cz,Male,20.193.174.26
840,Alard,Crosetti,acrosettinb@elegantthemes.com,Male,16.178.44.184
841,Donall,Bellefant,dbellefantnc@bandcamp.com,Male,255.114.167.191
842,Sheridan,Oxborrow,soxborrownd@cafepress.com,Male,241.240.82.26
843,Manny,Renzullo,mrenzullone@telegraph.co.uk,Male,127.24.65.15
844,Madella,Archanbault,marchanbaultnf@china.com.cn,Female,133.159.229.178
845,Tedman,Bracco,tbraccong@clickbank.net,Male,90.82.205.89
846,Fifi,Newstead,fnewsteadnh@vistaprint.com,Female,203.86.160.166
847,Marylinda,Carnier,mcarnierni@businesswire.com,Female,202.101.98.98
848,Ewell,Cass,ecassnj@japanpost.jp,Male,147.136.65.196
849,Paula,Brandacci,pbrandaccink@plala.or.jp,Female,123.97.232.238
850,Katheryn,Fayne,kfaynenl@g.co,Female,25.242.192.175
851,Joy,Myderscough,jmyderscoughnm@example.com,Female,202.245.125.5
852,Gwenora,O' Molan,gomolannn@4shared.com,Female,125.204.7.123
853,Aksel,Matthaus,amatthausno@foxnews.com,Male,196.135.214.4
854,Kayle,Brightwell,kbrightwellnp@cafepress.com,Female,229.200.43.38
855,Holmes,Toxell,htoxellnq@foxnews.com,Male,234.137.80.142
856,Jorry,Lynthal,jlynthalnr@edublogs.org,Female,49.255.155.106
857,Lilith,Whanstall,lwhanstallns@csmonitor.com,Female,165.199.151.107
858,Sean,Bullas,sbullasnt@is.gd,Female,207.115.168.29
859,Virgie,Foulser,vfoulsernu@newsvine.com,Male,118.105.145.218
860,Shawn,Lawfull,slawfullnv@linkedin.com,Female,32.227.63.105
861,Penny,Balint,pbalintnw@scribd.com,Female,252.11.233.213
862,Janice,Broderick,jbrodericknx@shop-pro.jp,Female,193.223.211.130
863,Darryl,Whistlecroft,dwhistlecroftny@mapy.cz,Male,89.146.75.150
864,Lucille,Akred,lakrednz@spotify.com,Female,63.253.163.0
865,Gino,Lapthorn,glapthorno0@dagondesign.com,Male,236.243.95.165
866,Dotty,Cardoso,dcardosoo1@google.nl,Female,207.170.195.88
867,Dela,Mc Cahey,dmccaheyo2@cnet.com,Female,119.147.221.162
868,Fern,Breed,fbreedo3@utexas.edu,Female,35.163.141.227
869,Franz,Matthisson,fmatthissono4@businesswire.com,Male,105.137.23.219
870,Abbey,Surmeyers,asurmeyerso5@nhs.uk,Male,85.148.51.236
871,Niki,Krates,nkrateso6@1und1.de,Male,70.76.201.2
872,Gleda,Atrill,gatrillo7@oakley.com,Female,133.3.10.51
873,Anatol,Surtees,asurteeso8@myspace.com,Male,139.206.171.227
874,Amalee,Masselin,amasselino9@plala.or.jp,Female,133.98.177.170
875,Margaret,Smee,msmeeoa@cdbaby.com,Female,153.45.29.242
876,Vincenz,Wilsdon,vwilsdonob@latimes.com,Male,125.148.239.199
877,Bendix,Rayment,braymentoc@cnbc.com,Male,190.56.139.69
878,Edy,Powles,epowlesod@bigcartel.com,Female,185.221.53.175
879,Eduardo,Antuk,eantukoe@census.gov,Male,36.78.56.2
880,Domenic,Sevin,dsevinof@wikimedia.org,Male,166.20.36.216
881,Brod,Goulston,bgoulstonog@desdev.cn,Male,123.231.202.74
882,Chico,Blaszczak,cblaszczakoh@cam.ac.uk,Male,86.215.123.244
883,Mareah,Witherup,mwitherupoi@php.net,Female,239.63.18.116
884,Leslie,Guttridge,lguttridgeoj@seesaa.net,Female,220.102.52.181
885,Joli,Mundall,jmundallok@w3.org,Female,197.58.18.139
886,Will,Rowly,wrowlyol@wikipedia.org,Male,210.140.18.143
887,Cassie,Message,cmessageom@dagondesign.com,Male,73.166.191.107
888,Newton,Antonsson,nantonssonon@istockphoto.com,Male,88.203.146.180
889,Giorgio,Persitt,gpersittoo@cargocollective.com,Male,204.121.83.213
890,Ede,Camerana,ecameranaop@dailymotion.com,Female,37.59.246.121
891,Starlin,Garnett,sgarnettoq@sourceforge.net,Female,186.238.186.36
892,Hephzibah,Possel,hposselor@businessinsider.com,Female,27.226.39.111
893,Ardith,Chiverton,achivertonos@java.com,Female,189.207.47.160
894,Nariko,Peake,npeakeot@weebly.com,Female,82.55.46.252
895,Yorker,Featherstonhaugh,yfeatherstonhaughou@google.es,Male,7.97.23.198
896,Minette,Rentelll,mrentelllov@smh.com.au,Female,245.35.55.192
897,Bard,Gumley,bgumleyow@netscape.com,Male,182.187.21.113
898,Rochelle,Barrasse,rbarrasseox@tripod.com,Female,103.186.235.34
899,Carlynne,Chatenier,cchatenieroy@tumblr.com,Female,69.246.33.204
900,Thatcher,Pachta,tpachtaoz@miibeian.gov.cn,Male,83.168.234.112
901,Montague,Fader,mfaderp0@china.com.cn,Male,173.18.252.196
902,Carmella,Durbin,cdurbinp1@ucsd.edu,Female,13.43.244.87
903,Sondra,Sweatland,ssweatlandp2@tripod.com,Female,223.226.178.192
904,Armand,Beaven,abeavenp3@alibaba.com,Male,253.221.5.122
905,Pail,Balfour,pbalfourp4@yellowbook.com,Male,239.195.246.64
906,Faythe,Taffley,ftaffleyp5@google.co.jp,Female,106.15.69.156
907,Laural,Platt,lplattp6@goo.ne.jp,Female,201.45.15.112
908,Sherlocke,Tedstone,stedstonep7@icio.us,Male,243.87.71.145
909,See,Woodfine,swoodfinep8@loc.gov,Male,9.42.108.79
910,Lauri,Bortolini,lbortolinip9@dedecms.com,Female,94.130.159.240
911,Ernestus,Stathers,estatherspa@trellian.com,Male,56.75.231.152
912,Gram,Swanbourne,gswanbournepb@multiply.com,Male,57.24.202.157
913,Hagen,Keyse,hkeysepc@vkontakte.ru,Male,191.5.144.114
914,Bartram,Dempster,bdempsterpd@ycombinator.com,Male,111.10.182.73
915,Scot,Torre,storrepe@pinterest.com,Male,107.199.35.155
916,Cyrillus,Broune,cbrounepf@youtu.be,Male,205.108.248.205
917,Jermaine,Comini,jcominipg@studiopress.com,Male,144.140.242.211
918,Jeniece,Gloucester,jgloucesterph@ycombinator.com,Female,35.220.103.153
919,Nobie,Sandcraft,nsandcraftpi@latimes.com,Male,7.208.150.135
920,Pincus,Jelk,pjelkpj@bloomberg.com,Male,25.202.23.35
921,Kory,Mixon,kmixonpk@zdnet.com,Male,241.244.115.52
922,Giraldo,Stair,gstairpl@vkontakte.ru,Male,20.177.59.45
923,Caesar,Liquorish,cliquorishpm@cpanel.net,Male,79.55.22.59
924,Arvin,Struss,astrusspn@dell.com,Male,188.24.233.202
925,Kaylee,Ruprich,kruprichpo@nasa.gov,Female,132.1.91.59
926,Desdemona,Crowter,dcrowterpp@newsvine.com,Female,177.182.139.118
927,Dennison,Millmoe,dmillmoepq@marketwatch.com,Male,96.204.215.181
928,Ingrid,Tomasi,itomasipr@europa.eu,Female,136.12.108.141
929,Gaile,Yearne,gyearneps@loc.gov,Male,156.15.202.10
930,Abbie,Rump,arumppt@networksolutions.com,Male,48.185.162.172
931,Griff,Damp,gdamppu@ebay.co.uk,Male,19.164.83.43
932,Locke,Lewis,llewispv@seesaa.net,Male,141.19.23.188
933,Nathaniel,Looker,nlookerpw@google.nl,Male,56.174.150.150
934,Batholomew,Collum,bcollumpx@ning.com,Male,112.210.105.188
935,Olin,Carnock,ocarnockpy@vimeo.com,Male,197.88.195.212
936,Eduard,Karlik,ekarlikpz@dailymotion.com,Male,104.15.204.247
937,Charisse,Lycett,clycettq0@biglobe.ne.jp,Female,197.47.31.202
938,Trace,Braidley,tbraidleyq1@amazon.de,Male,229.131.1.139
939,Kristen,Tumbelty,ktumbeltyq2@clickbank.net,Female,149.71.130.71
940,Blake,Vedntyev,bvedntyevq3@multiply.com,Male,141.42.100.159
941,Phil,Haddick,phaddickq4@surveymonkey.com,Male,142.207.161.71
942,Townie,Thundercliffe,tthundercliffeq5@java.com,Male,233.9.253.252
943,Vania,Handmore,vhandmoreq6@sourceforge.net,Female,215.221.14.96
944,Allin,Silliman,asillimanq7@businessweek.com,Male,51.238.151.230
945,Ofilia,Pullar,opullarq8@elpais.com,Female,241.112.205.224
946,Thatch,Jurek,tjurekq9@psu.edu,Male,188.170.230.181
947,Sammy,Flaxman,sflaxmanqa@comcast.net,Female,33.64.232.227
948,Eal,Dark,edarkqb@reuters.com,Male,174.221.181.52
949,Dorthea,Davall,ddavallqc@sogou.com,Female,94.254.51.228
950,Genny,Overal,goveralqd@geocities.jp,Female,74.132.119.49
951,Jacqueline,Ealam,jealamqe@dailymail.co.uk,Female,105.211.144.129
952,Gerry,Giacomi,ggiacomiqf@typepad.com,Male,57.134.8.29
953,Toma,Dwire,tdwireqg@ft.com,Female,217.61.151.117
954,Marigold,Wase,mwaseqh@gov.uk,Female,91.30.239.108
955,Valle,Livoir,vlivoirqi@icq.com,Male,116.244.242.132
956,Ottilie,Ketteringham,oketteringhamqj@pbs.org,Female,183.93.149.182
957,Carlita,Dog,cdogqk@princeton.edu,Female,190.175.194.185
958,Tamara,Shrimplin,tshrimplinql@ucla.edu,Female,214.59.49.18
959,Cheryl,Kaygill,ckaygillqm@kickstarter.com,Female,252.209.219.167
960,Marcile,Phibb,mphibbqn@seattletimes.com,Female,117.136.147.157
961,Barrett,McKibbin,bmckibbinqo@topsy.com,Male,208.0.141.93
962,Deni,Rickerd,drickerdqp@businesswire.com,Female,81.193.81.248
963,Dennie,Cassely,dcasselyqq@utexas.edu,Female,45.122.207.200
964,Isidore,O'Deoran,iodeoranqr@pen.io,Male,209.229.204.253
965,Gladys,Waterfall,gwaterfallqs@vistaprint.com,Female,102.12.217.32
966,Romy,Clipsham,rclipshamqt@pbs.org,Female,105.124.92.15
967,Davide,Skynner,dskynnerqu@mit.edu,Male,141.232.143.41
968,Grant,Peebles,gpeeblesqv@hhs.gov,Male,192.63.227.33
969,Latisha,Waterdrinker,lwaterdrinkerqw@patch.com,Female,242.133.220.144
970,Nilson,Gravett,ngravettqx@dot.gov,Male,168.205.212.195
971,Rolando,Kail,rkailqy@chronoengine.com,Male,205.181.104.127
972,Ruthann,Huchot,rhuchotqz@businesswire.com,Female,248.114.116.123
973,Peria,McCoish,pmccoishr0@163.com,Female,156.4.14.173
974,Denney,Fahrenbacher,dfahrenbacherr1@marriott.com,Male,9.57.183.250
975,Ollie,Tieraney,otieraneyr2@nature.com,Male,139.17.246.162
976,Leodora,Sawl,lsawlr3@hc360.com,Female,197.134.31.36
977,Clementine,Drysdale,cdrysdaler4@barnesandnoble.com,Female,155.61.132.105
978,Melvin,Dabnot,mdabnotr5@imageshack.us,Male,237.99.2.107
979,Chantal,Jerrams,cjerramsr6@xinhuanet.com,Female,173.181.134.255
980,Paulina,Pellington,ppellingtonr7@mashable.com,Female,144.211.244.139
981,Wilt,Ogger,woggerr8@homestead.com,Male,81.218.231.204
982,Kain,Filipyev,kfilipyevr9@simplemachines.org,Male,119.200.56.121
983,Archibaldo,Pulster,apulsterra@google.fr,Male,252.26.190.141
984,Kellia,Kirkbride,kkirkbriderb@ft.com,Female,167.137.132.207
985,Llewellyn,Blinco,lblincorc@netscape.com,Male,101.25.98.9
986,Bartholomeus,Llewhellin,bllewhellinrd@comcast.net,Male,236.178.231.112
987,Trudy,Lassetter,tlassetterre@indiatimes.com,Female,180.139.246.90
988,Dora,Maginn,dmaginnrf@google.com,Female,69.213.180.10
989,Daniel,Swaysland,dswayslandrg@mtv.com,Male,89.146.123.113
990,Brody,Harbour,bharbourrh@meetup.com,Male,206.156.132.107
991,Loretta,Clunan,lclunanri@kickstarter.com,Female,214.34.114.21
992,Orrin,Shine,oshinerj@gov.uk,Male,111.35.76.31
993,Shalne,Jenteau,sjenteaurk@disqus.com,Female,129.155.221.177
994,Gal,Hammerberg,ghammerbergrl@discovery.com,Male,142.141.168.94
995,Zulema,Ferrea,zferrearm@vkontakte.ru,Female,229.89.208.236
996,Felic,Hummerston,fhummerstonrn@ftc.gov,Male,253.196.61.53
997,Stormie,Verdun,sverdunro@mediafire.com,Female,151.65.119.244
998,Benton,Sherrott,bsherrottrp@pen.io,Male,63.193.89.221
999,Rriocard,Ilyukhov,rilyukhovrq@usgs.gov,Male,136.146.42.32
1000,Brynne,Vell,bvellrr@quantcast.com,Female,18.96.43.182
